group,name,Income,2024 score,2016,2017,2018,2019,2020,2021,2022,2023,2024,Since 2016
East Asia & Pacific,"Micronesia, Fed. Sts.",Lower middle,37.10333333333333,25.112500000000004,28.03458333333333,28.1975,27.90125,35.97708333333334,37.8225,36.53541666666666,36.50791666666666,37.10333333333333,11.990833333333327
East Asia & Pacific,Tuvalu,Upper middle,43.01666666666667,,,,,,,41.42250000000001,42.68875,43.01666666666667,
East Asia & Pacific,Marshall Islands,Upper middle,43.540416666666665,16.577500000000004,20.892083333333332,21.290416666666665,21.520416666666662,35.45958333333334,41.96666666666666,40.10666666666667,40.98166666666666,43.540416666666665,26.96291666666666
East Asia & Pacific,Papua New Guinea,Lower middle,43.6275,26.965416666666663,32.725,40.58500000000001,40.50625,44.442083333333336,46.47708333333333,44.04083333333333,44.24458333333333,43.6275,16.662083333333335
East Asia & Pacific,Nauru,High,47.93958333333334,,,,,,,41.44875,46.4825,47.93958333333334,
East Asia & Pacific,Kiribati,Lower middle,50.04166666666667,28.059583333333336,28.370000000000005,28.117500000000007,28.49750000000001,42.82208333333334,46.34583333333333,47.25166666666667,49.33791666666667,50.04166666666667,21.982083333333335
East Asia & Pacific,Solomon Islands,Lower middle,51.031666666666666,33.043333333333344,38.59625,44.43333333333334,41.32458333333333,43.63166666666667,50.33416666666667,50.4025,49.255,51.031666666666666,17.988333333333323
East Asia & Pacific,Vanuatu,Lower middle,53.44708333333333,38.14166666666667,40.50750000000001,39.499166666666675,42.68166666666667,41.95791666666667,50.63833333333333,52.03458333333333,52.935833333333335,53.44708333333333,15.305416666666659
East Asia & Pacific,China,Upper middle,57.92666666666667,53.63625,55.1675,56.03958333333333,59.555,57.477500000000006,58.64874999999999,55.86750000000001,58.84374999999999,57.92666666666667,4.2904166666666725
East Asia & Pacific,Timor-Leste,Lower middle,60.51666666666667,,48.83875,54.94833333333333,56.37875,55.93125,57.99375,60.42333333333334,61.80083333333334,60.51666666666667,
East Asia & Pacific,Lao PDR,Lower middle,60.84124999999999,41.508750000000006,45.507083333333334,48.38541666666667,53.28874999999999,56.68000000000001,60.34041666666668,58.662916666666675,60.89041666666667,60.84124999999999,19.332499999999982
East Asia & Pacific,Palau,High,60.954166666666666,,,,,53.63041666666667,55.41291666666667,51.69166666666667,55.06541666666668,60.954166666666666,
East Asia & Pacific,Brunei Darussalam,High,61.437499999999986,,,,,57.19333333333334,61.71500000000001,60.870000000000005,63.20625,61.437499999999986,
East Asia & Pacific,Samoa,Upper middle,62.82958333333334,53.17583333333333,58.58541666666667,58.90708333333333,55.387083333333344,59.5925,64.42375,64.02958333333333,64.78458333333333,62.82958333333334,9.65375000000001
East Asia & Pacific,Cambodia,Lower middle,63.013750000000016,53.78625,56.86291666666668,53.833333333333336,56.19583333333333,54.76375,60.221666666666664,60.59916666666666,61.64666666666666,63.013750000000016,9.227500000000013
East Asia & Pacific,Tonga,Upper middle,63.20333333333333,,,,,55.46083333333334,66.18375,63.55,64.05,63.20333333333333,
East Asia & Pacific,Myanmar,Lower middle,64.52125,44.09,53.8825,60.93666666666666,63.762916666666655,65.3875,65.43083333333334,65.93583333333333,64.88958333333333,64.52125,20.43124999999999
East Asia & Pacific,Viet Nam,Lower middle,67.23833333333333,53.711666666666666,59.12499999999999,59.62833333333333,58.962083333333325,61.50041666666666,67.10333333333334,66.71791666666667,71.62416666666667,67.23833333333333,13.526666666666664
East Asia & Pacific,Fiji,Upper middle,67.67666666666666,55.14625000000001,61.65833333333333,61.63458333333334,60.26083333333333,54.618750000000006,63.90041666666667,61.42208333333335,62.498333333333335,67.67666666666666,12.530416666666653
East Asia & Pacific,Indonesia,Upper middle,82.34458333333335,68.56458333333333,70.45416666666668,72.02125000000001,71.87249999999999,74.08875,78.78916666666666,78.59583333333333,81.09333333333333,82.34458333333335,13.780000000000015
East Asia & Pacific,Mongolia,Upper middle,83.73333333333333,68.18166666666666,74.11208333333333,77.46208333333334,77.28333333333333,83.18458333333332,84.495,81.9875,82.70875000000001,83.73333333333333,15.551666666666677
East Asia & Pacific,Philippines,Lower middle,83.83500000000001,73.24374999999999,74.49208333333333,75.87958333333333,75.39333333333333,79.15208333333335,81.91958333333334,81.45208333333332,82.70375,83.83500000000001,10.591250000000016
East Asia & Pacific,Malaysia,Upper middle,84.99125000000002,61.34041666666666,62.535833333333336,70.45416666666668,68.89041666666668,70.77708333333334,74.76625,75.83166666666668,80.08791666666669,84.99125000000002,23.65083333333336
East Asia & Pacific,Thailand,Upper middle,85.03916666666666,77.69208333333334,76.25041666666667,76.69333333333334,76.12083333333334,79.27750000000002,82.68416666666667,83.97416666666669,83.57833333333335,85.03916666666666,7.347083333333316
East Asia & Pacific,Singapore,High,88.31875,65.27708333333334,67.99750000000002,77.93166666666667,78.10916666666668,81.53375,85.06791666666668,86.6675,88.76750000000001,88.31875,23.041666666666657
East Asia & Pacific,Australia,High,88.97083333333333,83.41666666666667,85.06333333333333,84.36416666666669,84.24166666666667,83.72791666666669,87.00458333333334,87.82624999999999,88.86625000000001,88.97083333333333,5.55416666666666
East Asia & Pacific,Japan,High,90.99291666666667,76.11833333333334,78.05000000000001,87.0325,87.14250000000001,87.75999999999999,90.70791666666666,90.28875,90.94375,90.99291666666667,14.874583333333334
East Asia & Pacific,"Korea, Rep.",High,91.5675,76.16708333333332,78.50208333333335,84.81458333333333,84.61708333333334,86.50125000000001,88.93416666666668,88.45500000000001,91.4525,91.5675,15.400416666666672
East Asia & Pacific,New Zealand,High,91.73875,78.96291666666667,83.5525,83.50000000000001,83.50375000000001,83.67125000000001,88.62791666666668,87.93458333333334,91.30958333333336,91.73875,12.775833333333324
East Asia & Pacific,American Samoa,High,,,,,,,,,,,
East Asia & Pacific,French Polynesia,High,,,,,,,,,,,
East Asia & Pacific,Guam,High,,,,,,,,,,,
East Asia & Pacific,"Hong Kong SAR, China",High,,,,,,,,,,,
East Asia & Pacific,"Korea, Dem. People's Rep.",Low,,,,,,,,,,,
East Asia & Pacific,"Macao SAR, China",High,,,,,,,,,,,
East Asia & Pacific,New Caledonia,High,,,,,,,,,,,
East Asia & Pacific,Northern Mariana Islands,High,,,,,,,,,,,
Europe & Central Asia,Turkmenistan,Upper middle,29.654166666666654,19.163333333333338,22.215,16.647083333333335,23.140833333333337,26.84125000000001,28.674999999999994,30.746249999999996,30.7175,29.654166666666654,10.490833333333317
Europe & Central Asia,Andorra,High,49.8675,,,,,,,40.36791666666667,44.79666666666667,49.8675,
Europe & Central Asia,Tajikistan,Lower middle,63.868750000000006,50.88958333333334,55.61916666666667,56.186666666666675,56.43041666666667,57.20541666666668,56.71208333333333,53.247083333333336,53.60833333333335,63.868750000000006,12.979166666666664
Europe & Central Asia,Bosnia and Herzegovina,Upper middle,68.55875,55.37708333333333,55.86208333333333,61.56000000000002,61.56750000000002,62.70708333333334,70.86,68.45374999999999,68.77624999999999,68.55875,13.181666666666672
Europe & Central Asia,Azerbaijan,Upper middle,69.48875000000001,54.12875,60.705,68.48625,68.47125,70.86708333333334,73.00375000000001,70.77916666666668,66.78625000000001,69.48875000000001,15.360000000000014
Europe & Central Asia,Montenegro,Upper middle,73.89208333333333,57.263333333333335,60.62541666666667,63.41041666666667,65.68916666666668,69.82208333333334,78.20416666666668,72.10458333333332,71.94416666666667,73.89208333333333,16.628749999999997
Europe & Central Asia,Ukraine,Upper middle,75.99708333333335,67.34458333333335,68.25291666666668,69.22791666666667,72.14416666666668,76.01250000000002,80.05916666666668,77.52333333333334,78.41333333333334,75.99708333333335,8.652500000000003
Europe & Central Asia,Belarus,Upper middle,77.19750000000002,66.41791666666667,66.09333333333333,76.78708333333334,79.80125000000001,83.64958333333334,88.46374999999999,88.45916666666666,79.40125,77.19750000000002,10.779583333333349
Europe & Central Asia,Kyrgyz Republic,Lower middle,79.14791666666667,81.09416666666667,80.13125000000001,78.32458333333334,80.80583333333334,82.015,84.29416666666667,84.65458333333333,77.78083333333335,79.14791666666667,-1.946249999999992
Europe & Central Asia,Turkiye,Upper middle,79.34833333333333,72.64541666666668,77.20291666666668,77.99000000000001,78.47125,78.14583333333334,80.08250000000001,77.72083333333333,78.67708333333334,79.34833333333333,6.702916666666653
Europe & Central Asia,Serbia,Upper middle,80.48875000000001,68.77416666666667,73.73708333333335,75.28541666666668,75.79291666666667,80.86208333333335,81.14750000000002,79.82083333333334,84.07208333333335,80.48875000000001,11.714583333333337
Europe & Central Asia,Iceland,High,81.47041666666668,69.47166666666666,71.72958333333335,78.29458333333332,78.35333333333334,79.94166666666669,83.41958333333335,86.08666666666667,81.7425,81.47041666666668,11.998750000000015
Europe & Central Asia,Uzbekistan,Lower middle,81.49083333333334,37.73125,43.625,50.54291666666667,53.91,67.80333333333334,71.055,75.79083333333334,81.99208333333334,81.49083333333334,43.75958333333334
Europe & Central Asia,Russian Federation,High,81.50083333333333,69.58083333333333,72.35625,74.20666666666668,75.85041666666667,77.855,81.50041666666667,80.99458333333334,80.94583333333334,81.50083333333333,11.920000000000002
Europe & Central Asia,Armenia,Upper middle,82.18041666666667,79.74166666666666,82.04625000000001,83.06041666666667,82.22666666666667,82.93833333333335,85.81250000000001,85.05833333333334,83.36458333333333,82.18041666666667,2.438750000000013
Europe & Central Asia,Slovak Republic,High,83.25125,82.20208333333335,85.67,85.38624999999999,85.595,86.26041666666669,90.52333333333334,88.47083333333335,89.76833333333335,83.25125,1.0491666666666504
Europe & Central Asia,Bulgaria,High,83.55416666666667,75.01375000000002,76.75125000000001,82.33833333333334,81.99333333333334,83.38291666666667,87.47958333333334,87.15041666666669,88.35041666666669,83.55416666666667,8.540416666666658
Europe & Central Asia,Albania,Upper middle,83.65374999999999,64.90500000000002,68.65833333333335,78.59666666666666,76.04291666666667,81.3175,85.78041666666667,84.42625000000001,85.07708333333335,83.65374999999999,18.748749999999973
Europe & Central Asia,Kazakhstan,Upper middle,84.89333333333335,71.67625,72.45416666666668,79.27166666666668,78.89916666666667,78.51833333333333,82.64583333333334,81.92916666666667,82.80541666666667,84.89333333333335,13.217083333333349
Europe & Central Asia,Croatia,High,85.05041666666668,66.43333333333334,65.02000000000001,70.52166666666668,70.79416666666667,76.01333333333335,86.51791666666668,84.84083333333334,87.02333333333334,85.05041666666668,18.61708333333334
Europe & Central Asia,Cyprus,High,85.05708333333334,66.51458333333335,66.81416666666668,79.88416666666667,79.61791666666667,76.79166666666667,86.56708333333334,85.73208333333334,88.00208333333333,85.05708333333334,18.54249999999999
Europe & Central Asia,Netherlands,High,85.13291666666667,74.14416666666668,76.21625,84.21958333333333,84.26583333333333,84.91708333333334,89.35875,88.16000000000001,89.98250000000002,85.13291666666667,10.988749999999996
Europe & Central Asia,Moldova,Upper middle,85.67416666666668,72.2125,70.23791666666668,76.62125,80.3225,82.26125,85.33416666666668,84.07916666666667,86.07166666666669,85.67416666666668,13.461666666666673
Europe & Central Asia,Luxembourg,High,85.81791666666668,68.74416666666667,71.01333333333332,78.86374999999998,78.67124999999999,80.57500000000002,85.58666666666667,88.08333333333334,88.94083333333333,85.81791666666668,17.073750000000004
Europe & Central Asia,Greece,High,86.58416666666669,82.54916666666668,83.86875,84.44708333333332,85.36083333333333,85.95208333333333,89.91375,88.74791666666665,90.57541666666668,86.58416666666669,4.035000000000011
Europe & Central Asia,Czechia,High,87.01,80.00250000000001,80.47125000000001,86.88583333333335,86.73083333333334,87.89208333333333,92.01125000000002,89.61625,91.04125,87.01,7.007499999999993
Europe & Central Asia,North Macedonia,Upper middle,87.17291666666667,62.607083333333335,66.03625000000001,70.80875,72.69875000000002,77.72208333333333,83.68833333333335,82.54750000000001,84.95875000000001,87.17291666666667,24.56583333333333
Europe & Central Asia,Belgium,High,87.25875,74.9525,75.58208333333334,82.18750000000001,82.80499999999999,82.28833333333334,87.97125000000001,88.36666666666666,90.16291666666667,87.25875,12.306250000000006
Europe & Central Asia,Georgia,Upper middle,87.71708333333335,77.045,80.25,78.78291666666667,81.73041666666667,86.49625,90.02916666666668,89.56625,89.26750000000001,87.71708333333335,10.672083333333347
Europe & Central Asia,Hungary,High,87.87166666666667,83.75166666666667,84.53666666666666,84.63666666666667,84.83416666666668,86.09374999999999,89.93041666666667,86.8725,90.22125,87.87166666666667,4.1200000000000045
Europe & Central Asia,Latvia,High,88.08125000000001,83.88208333333334,84.33958333333334,83.66916666666668,83.38916666666667,84.06916666666666,87.97958333333334,89.05083333333334,91.42708333333334,88.08125000000001,4.19916666666667
Europe & Central Asia,Ireland,High,88.31791666666668,83.93041666666667,85.64958333333334,86.2975,87.3775,88.70458333333333,92.815,89.76125000000002,91.41625,88.31791666666668,4.387500000000003
Europe & Central Asia,France,High,88.36958333333335,84.88041666666666,86.52666666666669,86.49208333333334,86.23333333333333,87.54666666666667,90.78083333333332,90.83958333333332,92.82958333333332,88.36958333333335,3.4891666666666907
Europe & Central Asia,United Kingdom,High,88.3775,82.05666666666667,83.17166666666667,83.18958333333335,83.03833333333334,83.55000000000001,87.36166666666668,86.64750000000002,88.9025,88.3775,6.320833333333326
Europe & Central Asia,Switzerland,High,88.7125,84.39125,85.25666666666667,86.25916666666667,86.18166666666667,87.42000000000002,90.38666666666668,89.04125,90.2925,88.7125,4.321250000000006
Europe & Central Asia,Estonia,High,88.78750000000001,80.59458333333333,80.18791666666667,86.75500000000001,86.41375,86.54625,86.86916666666666,91.89208333333336,92.79458333333332,88.78750000000001,8.192916666666676
Europe & Central Asia,Austria,High,89.34791666666668,86.32208333333334,86.22958333333332,87.83833333333335,86.79333333333335,88.4525,90.96416666666669,90.10291666666669,92.64666666666668,89.34791666666668,3.0258333333333383
Europe & Central Asia,Lithuania,High,89.36125,78.56916666666666,78.65083333333334,85.10875,84.94375000000001,85.08625,91.10541666666668,90.57083333333334,93.48083333333336,89.36125,10.792083333333338
Europe & Central Asia,Germany,High,90.05541666666667,84.90666666666667,85.56791666666666,87.44166666666669,87.82791666666667,87.80624999999999,92.13916666666664,91.78208333333332,92.47083333333336,90.05541666666667,5.148750000000007
Europe & Central Asia,Finland,High,90.37125000000002,87.46125,88.54583333333335,88.7475,88.84750000000001,90.79083333333332,94.3075,93.74916666666668,95.11541666666668,90.37125000000002,2.910000000000011
Europe & Central Asia,Portugal,High,90.70791666666666,85.67500000000001,86.14375000000001,85.95916666666668,86.25916666666666,87.14958333333334,91.56875,92.35833333333332,93.77833333333332,90.70791666666666,5.032916666666651
Europe & Central Asia,Italy,High,90.93125,88.62416666666665,88.47041666666667,88.18791666666665,88.19916666666667,88.61666666666667,92.48583333333332,91.4525,93.63875000000002,90.93125,2.3070833333333525
Europe & Central Asia,Romania,High,91.04500000000002,,72.455,78.16916666666667,79.17791666666668,84.45791666666668,82.57458333333334,86.64625000000001,88.61750000000002,91.04500000000002,
Europe & Central Asia,Slovenia,High,91.08666666666667,86.86625000000001,88.30791666666667,88.34,88.60125000000001,89.78708333333334,93.07,92.70416666666668,94.22041666666668,91.08666666666667,4.220416666666665
Europe & Central Asia,Poland,High,91.10625000000002,81.71958333333333,82.58416666666668,88.22958333333332,89.07083333333333,89.90041666666669,94.58583333333334,94.18875,94.65375,91.10625000000002,9.386666666666684
Europe & Central Asia,Spain,High,91.82291666666669,86.09083333333334,86.78708333333334,87.51541666666667,88.52416666666667,87.93374999999999,91.53416666666668,91.5025,94.325,91.82291666666669,5.73208333333335
Europe & Central Asia,Denmark,High,92.05041666666666,79.63833333333335,81.11791666666666,88.76458333333332,88.88208333333334,89.45916666666666,94.41458333333334,93.20333333333336,95.25583333333334,92.05041666666666,12.412083333333314
Europe & Central Asia,Sweden,High,92.66125,88.02958333333333,88.67125,88.72166666666668,88.86416666666668,90.25875,93.44291666666666,92.96125000000002,94.41,92.66125,4.631666666666661
Europe & Central Asia,Norway,High,94.14333333333332,78.82208333333334,82.61625,90.1625,90.09375,90.46833333333332,93.7625,92.69916666666668,94.55666666666669,94.14333333333332,15.321249999999978
Europe & Central Asia,Channel Islands,High,,,,,,,,,,,
Europe & Central Asia,Faroe Islands,High,,,,,,,,,,,
Europe & Central Asia,Gibraltar,High,,,,,,,,,,,
Europe & Central Asia,Greenland,High,,,,,,,,,,,
Europe & Central Asia,Isle of Man,High,,,,,,,,,,,
Europe & Central Asia,Kosovo,Upper middle,,,,,,,,,,,
Europe & Central Asia,Liechtenstein,High,,,,,,,,,,,
Europe & Central Asia,Monaco,High,,,,,,,,,,,
Europe & Central Asia,San Marino,High,,,,,,,,,,,
Latin America & Caribbean,Haiti,Lower middle,38.74416666666667,36.18666666666668,40.66499999999999,41.24250000000001,34.67958333333333,38.25208333333334,40.57208333333334,36.55666666666667,37.60541666666667,38.74416666666667,2.5574999999999903
Latin America & Caribbean,"Venezuela, RB",Not classified,39.4575,45.18,52.16791666666667,49.03833333333333,47.865,47.94625,49.57,48.626666666666665,39.3925,39.4575,-5.722499999999997
Latin America & Caribbean,Dominica,Upper middle,40.70708333333333,,,,,40.54291666666667,38.88041666666667,35.7225,36.342499999999994,40.70708333333333,
Latin America & Caribbean,St. Kitts and Nevis,High,42.65916666666667,,,,,35.608333333333334,44.90416666666667,44.77375000000001,38.16083333333333,42.65916666666667,
Latin America & Caribbean,Grenada,Upper middle,50.81041666666668,,,,,,,48.40916666666668,49.06583333333334,50.81041666666668,
Latin America & Caribbean,"Bahamas, The",High,51.25708333333334,36.702083333333334,38.70333333333333,48.925833333333344,45.45416666666667,48.473333333333336,53.15791666666667,53.24916666666667,51.76666666666667,51.25708333333334,14.555000000000007
Latin America & Caribbean,St. Vincent and the Grenadines,Upper middle,51.95916666666667,39.17875,37.63125,45.26083333333334,48.124583333333334,47.669583333333335,48.53625,48.27958333333334,48.38708333333334,51.95916666666667,12.780416666666667
Latin America & Caribbean,Guyana,High,54.05833333333333,35.88666666666667,35.0425,44.80083333333334,48.64958333333334,50.17375,54.3075,53.10458333333333,54.052083333333336,54.05833333333333,18.17166666666666
Latin America & Caribbean,Nicaragua,Lower middle,55.803749999999994,48.187916666666666,47.95416666666667,51.520833333333336,51.654583333333335,49.17458333333333,56.591249999999995,55.35875,56.45375,55.803749999999994,7.6158333333333275
Latin America & Caribbean,Suriname,Upper middle,58.62500000000001,36.51625000000001,42.126250000000006,53.38,51.47291666666667,55.86666666666667,61.94583333333333,58.33208333333333,57.537499999999994,58.62500000000001,22.10875
Latin America & Caribbean,Trinidad and Tobago,High,59.38416666666667,38.927083333333336,39.83083333333334,47.01125,44.543333333333344,44.53625,55.444166666666675,57.947083333333325,57.782083333333325,59.38416666666667,20.457083333333337
Latin America & Caribbean,Barbados,High,61.73916666666667,,,,,,,60.696250000000006,62.83500000000001,61.73916666666667,
Latin America & Caribbean,Antigua and Barbuda,High,63.21083333333335,,,,,44.47208333333333,50.2375,51.63958333333334,60.3175,63.21083333333335,
Latin America & Caribbean,St. Lucia,Upper middle,64.17458333333333,56.24500000000001,57.117916666666666,55.905416666666675,51.82416666666667,62.23708333333333,65.72166666666666,63.67333333333334,64.33083333333333,64.17458333333333,7.929583333333319
Latin America & Caribbean,Honduras,Lower middle,65.6825,59.21125000000001,61.21291666666666,61.41000000000001,61.17625,58.044583333333335,60.782500000000006,60.443333333333335,65.50083333333333,65.6825,6.471249999999998
Latin America & Caribbean,Belize,Upper middle,67.68416666666667,48.05583333333334,51.71125000000001,58.51291666666667,56.76541666666668,56.69708333333334,64.30666666666667,65.84333333333335,66.78833333333334,67.68416666666667,19.62833333333333
Latin America & Caribbean,Bolivia,Lower middle,70.23208333333334,58.11416666666667,61.7525,59.072500000000005,58.986250000000005,60.70041666666667,67.14958333333334,67.02416666666667,68.85833333333335,70.23208333333334,12.117916666666666
Latin America & Caribbean,Jamaica,Upper middle,73.46791666666667,51.025416666666665,54.08583333333333,59.650416666666686,58.64291666666668,60.44166666666669,71.22583333333334,68.99958333333333,71.37208333333334,73.46791666666667,22.442500000000003
Latin America & Caribbean,El Salvador,Upper middle,73.74000000000001,67.36958333333334,68.12083333333334,69.94166666666666,69.46333333333334,65.07708333333333,74.4175,74.09333333333333,75.56083333333335,73.74000000000001,6.370416666666671
Latin America & Caribbean,Paraguay,Upper middle,74.20791666666668,53.02041666666666,55.74416666666666,57.63541666666667,59.37958333333333,65.66708333333334,70.04875,71.29333333333334,71.61833333333333,74.20791666666668,21.187500000000014
Latin America & Caribbean,Dominican Republic,Upper middle,75.21583333333334,63.17166666666667,65.745,63.12833333333333,64.83458333333334,64.95250000000001,70.68958333333335,73.20833333333333,74.45333333333333,75.21583333333334,12.04416666666667
Latin America & Caribbean,Panama,High,77.7325,54.93416666666667,57.617916666666666,62.90833333333333,64.58458333333333,67.62875,71.62833333333334,73.43625,76.27958333333335,77.7325,22.798333333333332
Latin America & Caribbean,Guatemala,Upper middle,79.35583333333335,58.85333333333334,62.16,63.132500000000014,62.536249999999995,69.755,74.03416666666668,72.97291666666666,76.93791666666668,79.35583333333335,20.502500000000012
Latin America & Caribbean,Ecuador,Upper middle,79.85833333333333,70.36958333333332,71.03375,72.91041666666665,72.44666666666667,74.20083333333334,78.57333333333334,78.57708333333335,78.47458333333334,79.85833333333333,9.48875000000001
Latin America & Caribbean,Uruguay,High,80.14666666666668,65.53250000000001,68.3375,67.80083333333334,66.99208333333334,70.64583333333334,80.94,76.67458333333332,81.10041666666666,80.14666666666668,14.614166666666662
Latin America & Caribbean,Argentina,Upper middle,80.39083333333335,65.46833333333333,69.09583333333332,68.94291666666666,69.43916666666667,72.1175,77.72791666666666,76.46916666666668,79.18541666666667,80.39083333333335,14.922500000000014
Latin America & Caribbean,Peru,Upper middle,81.98124999999999,62.89375000000001,66.11833333333334,68.27291666666666,68.01291666666667,68.24625,75.79666666666668,77.17291666666667,78.71583333333334,81.98124999999999,19.087499999999977
Latin America & Caribbean,Brazil,Upper middle,82.30833333333335,74.27708333333334,74.24666666666667,77.61333333333333,79.25708333333334,79.17083333333332,81.21291666666667,81.08041666666666,80.63916666666667,82.30833333333335,8.031250000000014
Latin America & Caribbean,Colombia,Upper middle,83.43833333333333,71.59,71.9825,72.27541666666667,74.09541666666667,79.06833333333333,82.7475,82.22375000000001,83.27250000000002,83.43833333333333,11.84833333333333
Latin America & Caribbean,Chile,High,89.37916666666665,79.68125,78.92166666666668,80.50458333333333,82.43708333333333,82.64208333333333,86.44208333333334,86.10708333333332,86.81708333333333,89.37916666666665,9.697916666666643
Latin America & Caribbean,Mexico,Upper middle,90.95041666666668,79.68750000000001,87.71416666666666,86.43166666666667,86.17041666666665,86.33041666666668,89.12083333333334,88.97458333333333,91.63833333333336,90.95041666666668,11.26291666666667
Latin America & Caribbean,Costa Rica,High,90.98458333333332,78.36625000000001,84.24666666666667,83.35916666666667,85.77791666666667,87.99625,91.00416666666666,90.09458333333332,89.17208333333335,90.98458333333332,12.618333333333311
Latin America & Caribbean,Aruba,High,,,,,,,,,,,
Latin America & Caribbean,British Virgin Islands,High,,,,,,,,,,,
Latin America & Caribbean,Cayman Islands,High,,,,,,,,,,,
Latin America & Caribbean,Cuba,Upper middle,,,,,,,,,,,
Latin America & Caribbean,Curacao,High,,,,,,,,,,,
Latin America & Caribbean,Puerto Rico (US),High,,,,,,,,,,,
Latin America & Caribbean,Sint Maarten (Dutch part),High,,,,,,,,,,,
Latin America & Caribbean,St. Martin (French part),High,,,,,,,,,,,
Latin America & Caribbean,Turks and Caicos Islands,High,,,,,,,,,,,
Latin America & Caribbean,Virgin Islands (U.S.),High,,,,,,,,,,,
"Middle East, North Africa, Afghanistan & Pakistan",Syrian Arab Republic,Low,32.41750000000001,,24.107916666666668,23.988750000000003,24.11375,25.11083333333334,26.74708333333334,28.262916666666666,31.837916666666665,32.41750000000001,
"Middle East, North Africa, Afghanistan & Pakistan",Libya,Upper middle,34.75125,23.44166666666667,26.727500000000003,22.565833333333337,22.230833333333337,23.414583333333336,23.549583333333334,23.497499999999995,33.064166666666665,34.75125,11.309583333333329
"Middle East, North Africa, Afghanistan & Pakistan","Yemen, Rep.",Low,37.43583333333333,39.09875,43.60458333333334,39.723333333333336,33.59458333333334,29.086666666666673,28.31541666666667,32.91791666666667,37.694583333333334,37.43583333333333,-1.6629166666666748
"Middle East, North Africa, Afghanistan & Pakistan",Djibouti,Lower middle,38.107916666666675,23.963750000000005,29.873333333333346,37.105,38.27625,39.95708333333333,46.70208333333334,44.67666666666667,39.580000000000005,38.107916666666675,14.14416666666667
"Middle East, North Africa, Afghanistan & Pakistan",Bahrain,High,51.96125000000001,42.49875,44.80833333333333,50.95750000000001,50.940000000000005,54.34583333333333,54.82,54.96333333333333,51.579166666666666,51.96125000000001,9.462500000000006
"Middle East, North Africa, Afghanistan & Pakistan",Iraq,Upper middle,53.98333333333334,36.79416666666667,34.03666666666667,31.81125,35.965,40.837916666666665,53.52708333333334,51.66666666666667,54.11416666666666,53.98333333333334,17.189166666666672
"Middle East, North Africa, Afghanistan & Pakistan",Afghanistan,Low,54.38625,39.72625,45.08125,52.34833333333333,51.929583333333326,55.559999999999995,59.1775,58.98833333333333,56.749583333333334,54.38625,14.659999999999997
"Middle East, North Africa, Afghanistan & Pakistan",Algeria,Upper middle,55.2375,44.73041666666667,48.544583333333335,55.91833333333334,58.32250000000001,53.74625,63.804166666666674,60.906666666666666,57.36291666666666,55.2375,10.507083333333327
"Middle East, North Africa, Afghanistan & Pakistan",Lebanon,Lower middle,57.813750000000006,32.742916666666666,37.57458333333334,49.102916666666665,55.53041666666667,58.72375000000001,63.913333333333334,61.613333333333344,61.84958333333335,57.813750000000006,25.07083333333334
"Middle East, North Africa, Afghanistan & Pakistan",Oman,High,59.22083333333333,41.24333333333334,48.954166666666666,49.93458333333333,50.86958333333334,55.17125000000001,57.56791666666666,58.62791666666667,58.24666666666667,59.22083333333333,17.977499999999992
"Middle East, North Africa, Afghanistan & Pakistan",Kuwait,High,63.37541666666667,45.540000000000006,50.416666666666664,55.72083333333335,58.049583333333345,60.177499999999995,66.23541666666667,59.91041666666666,62.43791666666666,63.37541666666667,17.835416666666667
"Middle East, North Africa, Afghanistan & Pakistan","Iran, Islamic Rep.",Upper middle,63.517500000000005,49.67875000000001,49.141666666666666,57.26208333333332,57.358333333333334,52.17208333333333,57.71875,58.15083333333334,62.96250000000001,63.517500000000005,13.838749999999997
"Middle East, North Africa, Afghanistan & Pakistan",Pakistan,Lower middle,68.06125,56.92333333333334,59.488333333333344,62.20791666666666,61.00541666666667,62.91041666666668,68.34,69.24458333333334,68.91083333333333,68.06125,11.137916666666662
"Middle East, North Africa, Afghanistan & Pakistan",Qatar,High,68.10458333333335,44.81625000000001,47.71333333333334,47.86791666666667,55.51833333333334,56.26291666666667,67.26625,66.71375,66.78625,68.10458333333335,23.28833333333334
"Middle East, North Africa, Afghanistan & Pakistan",Morocco,Lower middle,73.06833333333333,60.02166666666668,63.67625,66.52416666666666,65.68291666666667,69.50291666666666,69.96041666666667,67.99458333333332,70.01083333333332,73.06833333333333,13.046666666666646
"Middle East, North Africa, Afghanistan & Pakistan",West Bank and Gaza,Lower middle,74.40041666666667,,58.508333333333326,67.03791666666666,66.76291666666667,73.19208333333333,77.8625,74.92500000000001,76.3475,74.40041666666667,
"Middle East, North Africa, Afghanistan & Pakistan",Tunisia,Lower middle,75.45750000000001,62.40749999999999,60.321250000000006,64.71833333333335,64.90083333333334,66.43958333333333,74.72999999999999,75.25083333333333,75.45458333333335,75.45750000000001,13.050000000000018
"Middle East, North Africa, Afghanistan & Pakistan","Egypt, Arab Rep.",Lower middle,78.13791666666667,76.26958333333333,75.57541666666665,75.70833333333333,74.40083333333332,76.34249999999999,76.63708333333334,75.95291666666667,77.78666666666668,78.13791666666667,1.8683333333333394
"Middle East, North Africa, Afghanistan & Pakistan",Jordan,Lower middle,78.81333333333335,56.18583333333335,54.84208333333335,56.22000000000001,59.84374999999999,66.48083333333335,77.14500000000001,78.62458333333333,78.45208333333335,78.81333333333335,22.627499999999998
"Middle East, North Africa, Afghanistan & Pakistan",United Arab Emirates,High,79.14958333333334,46.70333333333333,54.34000000000001,59.260000000000005,57.67249999999999,66.17416666666666,75.96666666666667,75.9225,77.305,79.14958333333334,32.446250000000006
"Middle East, North Africa, Afghanistan & Pakistan",Saudi Arabia,High,83.28750000000001,42.69875,47.22666666666667,55.125,59.71875,67.33041666666666,72.30250000000001,76.38708333333334,83.86333333333333,83.28750000000001,40.58875000000001
"Middle East, North Africa, Afghanistan & Pakistan",Malta,High,83.84750000000001,70.07041666666667,74.49625,74.70833333333333,75.53833333333334,74.4925,81.61041666666668,81.67208333333335,85.65583333333335,83.84750000000001,13.777083333333337
"Middle East, North Africa, Afghanistan & Pakistan",Israel,High,90.29375,77.38000000000001,81.67833333333334,81.69,81.4725,81.96125,84.91416666666667,85.98166666666667,87.89041666666668,90.29375,12.913749999999993
North America,United States,High,90.05875,87.97,87.10916666666665,87.24958333333332,87.25708333333333,86.89833333333333,92.75,91.87541666666668,93.43041666666667,90.05875,2.0887500000000045
North America,Canada,High,92.35875,86.27958333333335,86.44874999999999,86.57083333333333,87.46583333333334,87.43666666666667,93.42083333333332,91.82166666666669,93.46166666666666,92.35875,6.0791666666666515
North America,Bermuda,High,,,,,,,,,,,
South Asia,Bhutan,Lower middle,57.971666666666664,47.49791666666666,55.18500000000001,53.07541666666667,51.98791666666666,51.725,57.42375,57.12166666666667,59.105416666666656,57.971666666666664,10.473750000000003
South Asia,Nepal,Lower middle,60.367916666666666,48.22833333333333,53.233333333333334,53.88916666666667,52.88916666666667,54.970000000000006,65.66125000000001,62.70125000000001,61.01875,60.367916666666666,12.139583333333334
South Asia,Maldives,Upper middle,64.37416666666667,49.804166666666674,50.305,51.2,53.69250000000001,62.22708333333332,63.22874999999999,59.25208333333332,65.26083333333332,64.37416666666667,14.569999999999993
South Asia,Bangladesh,Lower middle,71.63833333333334,57.15749999999999,59.60208333333335,59.36083333333333,59.24333333333334,61.30958333333335,69.89625000000001,70.31958333333334,71.48208333333335,71.63833333333334,14.480833333333344
South Asia,India,Lower middle,73.71833333333333,65.71875,64.99583333333334,67.08541666666666,68.38041666666666,73.48875,77.42791666666666,76.94083333333334,77.30833333333334,73.71833333333333,7.999583333333334
South Asia,Sri Lanka,Lower middle,74.575,73.23083333333332,74.43541666666667,72.75916666666667,74.71791666666667,77.18916666666668,79.27541666666667,76.73166666666667,77.86708333333334,74.575,1.3441666666666805
Sub-Saharan Africa,South Sudan,Low,27.12250000000001,30.785,23.96083333333333,25.375833333333333,31.16916666666667,29.85458333333333,32.192083333333336,29.21666666666667,23.84125,27.12250000000001,-3.6624999999999908
Sub-Saharan Africa,Equatorial Guinea,Upper middle,32.1475,,,,,33.94708333333333,35.295833333333334,34.830416666666665,31.07125,32.1475,
Sub-Saharan Africa,"Congo, Rep.",Lower middle,38.87083333333333,42.66208333333334,41.61833333333333,36.65166666666667,36.23666666666667,31.732916666666668,33.79541666666667,32.48291666666667,38.49166666666667,38.87083333333333,-3.7912500000000122
Sub-Saharan Africa,Sudan,Low,42.09625,38.20041666666667,34.64875000000001,42.74833333333334,39.49125,36.3325,39.57875000000001,43.3125,44.06,42.09625,3.8958333333333286
Sub-Saharan Africa,Burundi,Low,45.24291666666667,50.465,54.492083333333326,54.82416666666666,51.24333333333333,50.006249999999994,50.1975,46.85625,43.280833333333334,45.24291666666667,-5.22208333333333
Sub-Saharan Africa,Gabon,Upper middle,45.48208333333334,27.19875,31.998333333333328,27.572083333333342,32.05458333333333,36.095416666666665,45.86958333333334,45.43541666666667,46.82916666666667,45.48208333333334,18.283333333333342
Sub-Saharan Africa,"Congo, Dem. Rep.",Low,46.28125000000001,,33.12125,40.95625,30.423333333333336,43.177083333333336,47.43333333333333,45.32166666666668,46.77916666666667,46.28125000000001,
Sub-Saharan Africa,Central African Republic,Low,46.84166666666666,,,,,,,41.6225,47.26625000000001,46.84166666666666,
Sub-Saharan Africa,Guinea-Bissau,Low,47.52333333333334,32.6775,41.075,46.01666666666667,37.7325,32.23291666666667,39.30916666666667,40.85916666666668,43.90416666666667,47.52333333333334,14.845833333333339
Sub-Saharan Africa,Guinea,Lower middle,49.91333333333334,42.69875,44.657500000000006,42.80125000000001,51.03875,50.95083333333334,60.51916666666667,59.13791666666667,51.322500000000005,49.91333333333334,7.214583333333344
Sub-Saharan Africa,Comoros,Lower middle,50.50375,,,,,,,,,50.50375,
Sub-Saharan Africa,"Somalia, Fed. Rep.",Low,51.710833333333326,,11.769583333333332,19.67916666666667,25.94791666666667,34.990833333333335,41.60833333333333,43.91333333333334,45.678333333333335,51.710833333333326,
Sub-Saharan Africa,Sao Tome and Principe,Lower middle,52.970416666666665,45.595,50.925,51.135,42.630833333333335,54.41374999999999,57.272499999999994,55.83833333333333,53.43125,52.970416666666665,7.375416666666666
Sub-Saharan Africa,Chad,Low,53.56625,28.502916666666668,31.71666666666666,31.91666666666667,38.88333333333334,41.17375,46.84875,48.60583333333333,52.365833333333335,53.56625,25.06333333333333
Sub-Saharan Africa,Namibia,Lower middle,55.664166666666674,49.86708333333333,52.935833333333335,52.51166666666667,50.21083333333334,50.96500000000002,54.59250000000001,53.708333333333336,55.01291666666667,55.664166666666674,5.79708333333334
Sub-Saharan Africa,Madagascar,Low,57.49708333333333,40.22208333333334,43.193333333333335,51.3575,51.14375,54.83541666666667,57.54416666666667,58.405833333333334,56.40833333333333,57.49708333333333,17.27499999999999
Sub-Saharan Africa,Angola,Lower middle,58.15208333333334,47.39541666666668,48.35958333333333,54.57208333333333,57.95250000000001,59.17,56.45625000000001,54.967083333333335,57.59583333333333,58.15208333333334,10.75666666666666
Sub-Saharan Africa,Lesotho,Lower middle,58.23958333333334,49.03875000000001,54.70708333333334,56.03416666666667,55.21541666666667,51.45625,58.62916666666668,57.01166666666667,58.04791666666668,58.23958333333334,9.200833333333335
Sub-Saharan Africa,Mauritania,Lower middle,58.448333333333345,40.85416666666667,45.114583333333336,50.94875000000001,54.39874999999999,53.84791666666667,59.634166666666665,59.740416666666675,60.830416666666665,58.448333333333345,17.594166666666673
Sub-Saharan Africa,Liberia,Low,59.12166666666667,43.25958333333334,50.840833333333336,50.77625000000001,52.60166666666667,58.4325,63.84125,61.95375000000001,59.06625000000001,59.12166666666667,15.86208333333333
Sub-Saharan Africa,Cabo Verde,Upper middle,59.87375,53.01250000000001,55.91375000000001,56.552916666666675,56.665416666666665,60.77125000000001,67.38499999999999,65.20208333333333,60.52416666666668,59.87375,6.861249999999991
Sub-Saharan Africa,Sierra Leone,Low,59.94166666666667,45.587916666666665,49.15166666666667,53.58833333333334,53.15333333333333,52.015000000000015,58.836250000000014,60.32625,61.105,59.94166666666667,14.353750000000005
Sub-Saharan Africa,Eswatini,Lower middle,60.965,46.20125,49.68375000000001,58.54208333333335,51.18041666666666,47.2075,56.45875,52.995833333333344,61.5225,60.965,14.763750000000002
Sub-Saharan Africa,Ethiopia,Not classified,61.748749999999994,51.31875,56.372083333333336,54.42625,50.09249999999999,50.14375000000001,60.84375,61.912083333333335,62.673750000000005,61.748749999999994,10.429999999999993
Sub-Saharan Africa,Zambia,Lower middle,64.16833333333334,56.2475,60.28041666666668,60.6825,60.187500000000014,62.82833333333333,62.29791666666667,62.21458333333333,63.50083333333334,64.16833333333334,7.920833333333334
Sub-Saharan Africa,Botswana,Upper middle,64.21083333333334,50.59125,57.53499999999999,56.81041666666666,58.009166666666665,58.830000000000005,60.041666666666686,60.80374999999999,64.62375,64.21083333333334,13.619583333333338
Sub-Saharan Africa,Malawi,Low,64.34375000000001,55.46583333333335,57.45500000000001,55.66458333333334,58.307083333333345,60.68458333333333,65.45583333333333,62.78458333333333,63.58333333333333,64.34375000000001,8.877916666666664
Sub-Saharan Africa,Seychelles,High,64.53375,,52.97833333333334,57.57541666666667,59.90916666666667,61.851666666666674,60.28583333333333,59.34916666666666,59.99791666666667,64.53375,
Sub-Saharan Africa,Ghana,Lower middle,65.73833333333333,59.3425,62.67041666666668,62.34333333333333,64.16583333333334,63.97291666666667,66.14791666666667,62.9425,66.24499999999999,65.73833333333333,6.395833333333329
Sub-Saharan Africa,Cameroon,Lower middle,66.0475,52.99666666666667,57.04,57.05833333333332,54.803333333333335,53.64333333333333,57.52708333333333,58.58166666666666,60.12416666666667,66.0475,13.05083333333333
Sub-Saharan Africa,Mali,Low,66.50583333333333,49.67791666666667,53.87291666666667,57.43000000000001,52.77125,54.061249999999994,62.786249999999995,64.41208333333334,63.37833333333334,66.50583333333333,16.82791666666666
Sub-Saharan Africa,Togo,Low,66.55208333333334,52.038333333333334,59.44666666666666,60.92916666666668,61.21041666666667,62.40875000000001,69.76666666666668,68.22791666666667,64.42583333333334,66.55208333333334,14.513750000000009
Sub-Saharan Africa,Mozambique,Low,66.73750000000001,52.67208333333333,56.39083333333333,56.59791666666667,59.23041666666666,55.86833333333334,59.11708333333334,63.82916666666666,65.42666666666666,66.73750000000001,14.065416666666678
Sub-Saharan Africa,Zimbabwe,Lower middle,66.80208333333334,41.31458333333333,51.00583333333333,58.18000000000001,64.32249999999999,67.97416666666666,72.46416666666667,70.27125,70.4025,66.80208333333334,25.48750000000001
Sub-Saharan Africa,"Gambia, The",Low,67.01375,46.528749999999995,50.71958333333334,52.52083333333333,48.23041666666667,55.450416666666655,67.37583333333333,66.00333333333333,68.58875,67.01375,20.485000000000007
Sub-Saharan Africa,Tanzania,Lower middle,68.22041666666667,61.245833333333344,62.47708333333334,57.681250000000006,58.23458333333333,61.530833333333334,64.62249999999999,69.21125,70.85125000000001,68.22041666666667,6.974583333333321
Sub-Saharan Africa,Uganda,Low,68.69958333333334,63.934583333333336,67.79,65.84833333333333,67.73750000000001,68.69541666666666,72.49333333333333,65.25874999999999,66.6275,68.69958333333334,4.765000000000001
Sub-Saharan Africa,Nigeria,Lower middle,69.11749999999999,57.11708333333334,56.04208333333334,54.24041666666667,56.915416666666665,58.790833333333325,62.37458333333335,62.75333333333333,65.55708333333334,69.11749999999999,12.000416666666652
Sub-Saharan Africa,Cote d'Ivoire,Lower middle,70.20125,46.916666666666664,52.15500000000001,53.278333333333336,51.77833333333333,56.799166666666665,66.68583333333335,63.75375,64.88625,70.20125,23.284583333333337
Sub-Saharan Africa,Niger,Low,70.46541666666667,53.95791666666666,56.924583333333345,56.88583333333332,57.35583333333333,60.78791666666666,68.38791666666667,68.76583333333333,66.90625,70.46541666666667,16.507500000000007
Sub-Saharan Africa,Benin,Lower middle,71.0275,48.49041666666667,51.00041666666667,52.799583333333345,52.38291666666667,60.35916666666667,67.19791666666667,65.74291666666667,68.03666666666666,71.0275,22.537083333333335
Sub-Saharan Africa,Rwanda,Low,72.60166666666667,54.78958333333333,63.735,65.03958333333333,62.79208333333334,65.73958333333334,70.19625,67.67666666666668,73.13916666666668,72.60166666666667,17.81208333333334
Sub-Saharan Africa,Kenya,Lower middle,73.355,55.91666666666667,56.99791666666667,54.96291666666666,56.53458333333333,61.315833333333345,68.06833333333334,68.56416666666667,70.63791666666668,73.355,17.438333333333333
Sub-Saharan Africa,Burkina Faso,Low,76.36791666666667,49.4675,52.91916666666667,54.85333333333333,54.45666666666666,53.669583333333335,70.42958333333334,67.08166666666668,73.97916666666667,76.36791666666667,26.900416666666672
Sub-Saharan Africa,Mauritius,Upper middle,80.44125000000001,74.73083333333334,75.6425,74.29458333333334,72.56708333333334,74.07916666666668,75.14583333333333,76.5225,78.67625000000001,80.44125000000001,5.710416666666674
Sub-Saharan Africa,South Africa,Upper middle,81.28791666666667,76.15208333333334,75.93541666666667,75.57958333333333,73.63833333333334,75.4975,81.04291666666667,81.2425,81.70250000000001,81.28791666666667,5.135833333333338
Sub-Saharan Africa,Senegal,Lower middle,81.41416666666666,55.07916666666668,60.37916666666667,63.83041666666669,65.90041666666667,68.28583333333333,77.45958333333334,75.63125000000001,76.87875000000001,81.41416666666666,26.33499999999998
Sub-Saharan Africa,Eritrea,Low,,,,,,,,,,,
